{
    "INFO": {
        "name": "Messier catalog I found online, added photo links to each DSO as well as an 'M' key.",
        "desc": "Originally downloaded from starlust.org as a CSV file. Converted to JSON and added photo links to each DSO. Sources for the photo links is NASA and www.messierobjects.com.",
        "lastUpdated": "2022-9-01",
        "source": "https://starlust.org/messier-catalog/",
        "myGithub": "https://github.com/QAEZZ"
    },
    "M1": {
      "M": 1,
      "NGC": "NGC 1952 Crab Nebula",
      "TYPE": "Supernova Remnant",
      "CONS": "Taurus",
      "RA": "5h 34.5m",
      "DEC": "22°1",
      "MAG": 8.4,
      "SIZE": "6.0x4.0",
      "DIST (ly)": "6,300",
      "VIEWING SEASON": "Winter",
      "VIEWING DIFFICULTY": "Moderate",
      "PHOTO": "https://www.nasa.gov/sites/default/files/styles/full_width/public/thumbnails/image/crab-nebula-mosaic.jpg?itok=DNaRmPtc"
    },
    "M2": {
      "M": 2,
      "NGC": "NGC 7089",
      "TYPE": "Globular Cluster",
      "CONS": "Aquarius",
      "RA": "21h 33.5m",
      "DEC": "-0°49",
      "MAG": 6.5,
      "SIZE": 12.9,
      "DIST (ly)": "37,500",
      "VIEWING SEASON": "Autumn",
      "VIEWING DIFFICULTY": "Easy",
      "PHOTO": "https://www.nasa.gov/sites/default/files/styles/full_width/public/thumbnails/image/m2.jpg?itok=wm6A_ELC"
    },
    "M3": {
      "M": 3,
      "NGC": "NGC 5272",
      "TYPE": "Globular Cluster",
      "CONS": "Canes Venatici",
      "RA": "13h 42.2m",
      "DEC": "28°23",
      "MAG": 6.2,
      "SIZE": 16.2,
      "DIST (ly)": "33,900",
      "VIEWING SEASON": "Spring",
      "VIEWING DIFFICULTY": "Easy",
      "PHOTO": "https://www.nasa.gov/sites/default/files/styles/full_width/public/thumbnails/image/m3.jpg?itok=zmf4sMmJ"
    },
    "M4": {
      "M": 4,
      "NGC": "NGC 6121",
      "TYPE": "Globular Cluster",
      "CONS": "Scorpius",
      "RA": "16h 23.6m",
      "DEC": "-26°32",
      "MAG": 5.6,
      "SIZE": 26.3,
      "DIST (ly)": "7,200",
      "VIEWING SEASON": "Summer",
      "VIEWING DIFFICULTY": "Hard",
      "PHOTO": "https://www.nasa.gov/sites/default/files/styles/full_width/public/thumbnails/image/potw1236a.jpg?itok=izawA3vA"
    },
    "M5": {
      "M": 5,
      "NGC": "NGC 5904",
      "TYPE": "Globular Cluster",
      "CONS": "Serpens Caput",
      "RA": "15h 18.6m",
      "DEC": "2°5",
      "MAG": 5.6,
      "SIZE": 17.4,
      "DIST (ly)": "24,500",
      "VIEWING SEASON": "Summer",
      "VIEWING DIFFICULTY": "Very Easy",
      "PHOTO": "https://www.nasa.gov/sites/default/files/styles/full_width/public/thumbnails/image/potw1118a.jpg?itok=ry9Kd6gB"
    },
    "M6": {
      "M": 6,
      "NGC": "NGC 6405 Butterfly Cluster",
      "TYPE": "Open Cluster",
      "CONS": "Scorpius",
      "RA": "17h 40.1m",
      "DEC": "-32°13",
      "MAG": 5.3,
      "SIZE": 25,
      "DIST (ly)": "2,000",
      "VIEWING SEASON": "Summer",
      "VIEWING DIFFICULTY": "Easy",
      "PHOTO": "https://www.messier-objects.com/wp-content/uploads/2015/02/Messier-6.jpg"
    },
    "M7": {
      "M": 7,
      "NGC": "NGC 6475 Ptolemy¬πs Cluster",
      "TYPE": "Open Cluster",
      "CONS": "Scorpius",
      "RA": "17h 53.9m",
      "DEC": "-34°49",
      "MAG": 4.1,
      "SIZE": 80,
      "DIST (ly)": 800,
      "VIEWING SEASON": "Summer",
      "VIEWING DIFFICULTY": "Easy",
      "PHOTO": "https://www.messier-objects.com/wp-content/uploads/2015/02/Messier-7.jpg"
    },
    "M8": {
      "M": 8,
      "NGC": "NGC 6523 Lagoon Nebula",
      "TYPE": "Diffuse Nebula",
      "CONS": "Sagittarius",
      "RA": "18h 3.8m",
      "DEC": "-24°23",
      "MAG": 6,
      "SIZE": "90x40",
      "DIST (ly)": "5,200",
      "VIEWING SEASON": "Summer",
      "VIEWING DIFFICULTY": "Moderate",
      "PHOTO": "https://www.messier-objects.com/wp-content/uploads/2015/02/Messier-8.jpg"
    },
    "M9": {
      "M": 9,
      "NGC": "NGC 6333",
      "TYPE": "Globular Cluster",
      "CONS": "Ophiucus",
      "RA": "17h 19.2m",
      "DEC": "-18°31",
      "MAG": 7.7,
      "SIZE": 9.3,
      "DIST (ly)": "26,700",
      "VIEWING SEASON": "Summer",
      "VIEWING DIFFICULTY": "Moderate",
      "PHOTO": "https://www.messier-objects.com/wp-content/uploads/2015/02/Messier-9.jpg"
    },
    "M10": {
      "M": 10,
      "NGC": "NGC 6254",
      "TYPE": "Globular Cluster",
      "CONS": "Ophiucus",
      "RA": "16h 57.1m",
      "DEC": "-4°6",
      "MAG": 6.6,
      "SIZE": 15.1,
      "DIST (ly)": "14,400",
      "VIEWING SEASON": "Summer",
      "VIEWING DIFFICULTY": "Moderate",
      "PHOTO": "https://www.messier-objects.com/wp-content/uploads/2015/03/Messier-10.jpg"
    },
    "M11": {
      "M": 11,
      "NGC": "NGC 6705 Wild Duck Cluster",
      "TYPE": "Open Cluster",
      "CONS": "Scutum",
      "RA": "18h 51.1m",
      "DEC": "-6°16",
      "MAG": 6.3,
      "SIZE": 14,
      "DIST (ly)": "6,000",
      "VIEWING SEASON": "Summer",
      "VIEWING DIFFICULTY": "Very Easy",
      "PHOTO": "https://www.messier-objects.com/wp-content/uploads/2015/03/Messier-11.jpg"
    },
    "M12": {
      "M": 12,
      "NGC": "NGC 6218",
      "TYPE": "Globular Cluster",
      "CONS": "Ophiucus",
      "RA": "16h 47.2m",
      "DEC": "-1°57",
      "MAG": 6.7,
      "SIZE": 14.5,
      "DIST (ly)": "16,000",
      "VIEWING SEASON": "Summer",
      "VIEWING DIFFICULTY": "Moderate",
      "PHOTO": "https://www.messier-objects.com/wp-content/uploads/2015/03/Messier-12.jpg"
    },
    "M13": {
      "M": 13,
      "NGC": "NGC 6205 Hercules Globular Cluster",
      "TYPE": "Globular Cluster",
      "CONS": "Hercules",
      "RA": "16h 41.7m",
      "DEC": "36°28",
      "MAG": 5.8,
      "SIZE": 16.6,
      "DIST (ly)": "22,800",
      "VIEWING SEASON": "Summer",
      "VIEWING DIFFICULTY": "Very Easy",
      "PHOTO": "https://www.messier-objects.com/wp-content/uploads/2015/03/Messier-13.jpg"
    },
    "M14": {
      "M": 14,
      "NGC": "NGC 6402",
      "TYPE": "Globular Cluster",
      "CONS": "Ophiucus",
      "RA": "17h 37.6m",
      "DEC": "-3°15",
      "MAG": 7.6,
      "SIZE": 11.7,
      "DIST (ly)": "27,400",
      "VIEWING SEASON": "Summer",
      "VIEWING DIFFICULTY": "Moderate",
      "PHOTO": "https://www.messier-objects.com/wp-content/uploads/2015/03/Messier-14.jpg"
    },
    "M15": {
      "M": 15,
      "NGC": "NGC 7078",
      "TYPE": "Globular Cluster",
      "CONS": "Pegasus",
      "RA": "21h 30m",
      "DEC": "12°10",
      "MAG": 6.2,
      "SIZE": 12.3,
      "DIST (ly)": "33,600",
      "VIEWING SEASON": "Autumn",
      "VIEWING DIFFICULTY": "Easy",
      "PHOTO": "https://www.messier-objects.com/wp-content/uploads/2015/04/Messier-15.jpg"
    },
    "M16": {
      "M": 16,
      "NGC": "NGC 6611 Eagle Nebula Cluster",
      "TYPE": "Open Cluster",
      "CONS": "Serpens Claudia",
      "RA": "18h 18.8m",
      "DEC": "-13°47",
      "MAG": 6.4,
      "SIZE": 7,
      "DIST (ly)": "7,000",
      "VIEWING SEASON": "Summer",
      "VIEWING DIFFICULTY": "Easy",
      "PHOTO": "https://www.messier-objects.com/wp-content/uploads/2015/04/Messier-16.jpg"
    },
    "M17": {
      "M": 17,
      "NGC": "NGC 6618 Omega, Swan, Horseshoe Nebula",
      "TYPE": "Diffuse Nebula",
      "CONS": "Sagittarius",
      "RA": "18h 20.8m",
      "DEC": "-16°11",
      "MAG": 7,
      "SIZE": 11,
      "DIST (ly)": "5,000",
      "VIEWING SEASON": "Summer",
      "VIEWING DIFFICULTY": "Easy",
      "PHOTO": "https://www.messier-objects.com/wp-content/uploads/2015/04/Messier-17.jpg"
    },
    "M18": {
      "M": 18,
      "NGC": "NGC 6613",
      "TYPE": "Open Cluster",
      "CONS": "Sagittarius",
      "RA": "18h 19.9m",
      "DEC": "-17°8",
      "MAG": 7.5,
      "SIZE": 9,
      "DIST (ly)": "4,900",
      "VIEWING SEASON": "Summer",
      "VIEWING DIFFICULTY": "Moderate",
      "PHOTO": "https://www.messier-objects.com/wp-content/uploads/2015/04/Messier-18.jpg"
    },
    "M19": {
      "M": 19,
      "NGC": "NGC 6273",
      "TYPE": "Globular Cluster",
      "CONS": "Ophiucus",
      "RA": "17h 2.6m",
      "DEC": "-26°16",
      "MAG": 6.8,
      "SIZE": 13.5,
      "DIST (ly)": "27,100",
      "VIEWING SEASON": "Summer",
      "VIEWING DIFFICULTY": "Moderate",
      "PHOTO": "https://www.messier-objects.com/wp-content/uploads/2015/04/Messier-19.jpg"
    },
    "M20": {
      "M": 20,
      "NGC": "NGC 6514 Trifid Nebula",
      "TYPE": "Diffuse Nebula",
      "CONS": "Sagittarius",
      "RA": "18h 2.3m",
      "DEC": "-23°2",
      "MAG": 9,
      "SIZE": 28,
      "DIST (ly)": "5,200",
      "VIEWING SEASON": "Summer",
      "VIEWING DIFFICULTY": "Very Hard",
      "PHOTO": "https://www.messier-objects.com/wp-content/uploads/2015/04/Messier-20.jpg"
    },
    "M21": {
      "M": 21,
      "NGC": "NGC 6531",
      "TYPE": "Open Cluster",
      "CONS": "Sagittarius",
      "RA": "18h 4.6m",
      "DEC": "-22°30",
      "MAG": 6.5,
      "SIZE": 13,
      "DIST (ly)": "4,250",
      "VIEWING SEASON": "Summer",
      "VIEWING DIFFICULTY": "Moderate",
      "PHOTO": "https://www.messier-objects.com/wp-content/uploads/2015/04/Messier-21.jpg"
    },
    "M22": {
      "M": 22,
      "NGC": "NGC 6656",
      "TYPE": "Globular Cluster",
      "CONS": "Sagittarius",
      "RA": "18h 36.4m",
      "DEC": "-23°54",
      "MAG": 5.1,
      "SIZE": 24,
      "DIST (ly)": "10,100",
      "VIEWING SEASON": "Summer",
      "VIEWING DIFFICULTY": "Very Easy",
      "PHOTO": "https://www.messier-objects.com/wp-content/uploads/2015/04/Messier-22.jpg"
    },
    "M23": {
      "M": 23,
      "NGC": "NGC 6494",
      "TYPE": "Open Cluster",
      "CONS": "Sagittarius",
      "RA": "17h 56.8m",
      "DEC": "-19°1",
      "MAG": 6.9,
      "SIZE": 27,
      "DIST (ly)": "2,150",
      "VIEWING SEASON": "Summer",
      "VIEWING DIFFICULTY": "Easy",
      "PHOTO": "https://www.messier-objects.com/wp-content/uploads/2015/04/Messier-23.jpg"
    },
    "M24": {
      "M": 24,
      "NGC": "NGC 6603 Milky Way Patch",
      "TYPE": "Star Cloud",
      "CONS": "Sagittarius",
      "RA": "18h 18.4m",
      "DEC": "-18°25",
      "MAG": 4.6,
      "SIZE": 90,
      "DIST (ly)": "10,000",
      "VIEWING SEASON": "Summer",
      "VIEWING DIFFICULTY": "Moderate",
      "PHOTO": "https://www.messier-objects.com/wp-content/uploads/2015/04/Messier-24.jpg"
    },
    "M25": {
      "M": 25,
      "NGC": "IC 4725",
      "TYPE": "Open Cluster",
      "CONS": "Sagittarius",
      "RA": "18h 31.7m",
      "DEC": "-19°14",
      "MAG": 6.5,
      "SIZE": 40,
      "DIST (ly)": "2,000",
      "VIEWING SEASON": "Summer",
      "VIEWING DIFFICULTY": "Easy",
      "PHOTO": "https://www.messier-objects.com/wp-content/uploads/2015/04/Messier-25.jpg"
    },
    "M26": {
      "M": 26,
      "NGC": "NGC 6694",
      "TYPE": "Open Cluster",
      "CONS": "Scutum",
      "RA": "18h 45.2m",
      "DEC": "-9°24",
      "MAG": 8,
      "SIZE": 15,
      "DIST (ly)": "5,000",
      "VIEWING SEASON": "Summer",
      "VIEWING DIFFICULTY": "Moderate",
      "PHOTO": "https://www.messier-objects.com/wp-content/uploads/2015/04/Messier-26.jpg"
    },
    "M27": {
      "M": 27,
      "NGC": "NGC 6853 Dumbbell Nebula",
      "TYPE": "Planetary Nebula",
      "CONS": "Vulpecula",
      "RA": "19h 59.6m",
      "DEC": "22°43",
      "MAG": 7.4,
      "SIZE": "8.0x5.7",
      "DIST (ly)": "1,250",
      "VIEWING SEASON": "Summer",
      "VIEWING DIFFICULTY": "Easy",
      "PHOTO": "https://www.messier-objects.com/wp-content/uploads/2015/04/Messier-27.webp"
    },
    "M28": {
      "M": 28,
      "NGC": "NGC 6626",
      "TYPE": "Globular Cluster",
      "CONS": "Sagittarius",
      "RA": "18h 24.5m",
      "DEC": "-24°52",
      "MAG": 6.8,
      "SIZE": 11.2,
      "DIST (ly)": "17,900",
      "VIEWING SEASON": "Summer",
      "VIEWING DIFFICULTY": "Easy",
      "PHOTO": "https://www.messier-objects.com/wp-content/uploads/2015/04/Messier-28.png"
    },
    "M29": {
      "M": 29,
      "NGC": "NGC 6913",
      "TYPE": "Open Cluster",
      "CONS": "Cygnus",
      "RA": "20h 23.9m",
      "DEC": "38°32",
      "MAG": 7.1,
      "SIZE": 7,
      "DIST (ly)": "4,000",
      "VIEWING SEASON": "Summer",
      "VIEWING DIFFICULTY": "Easy",
      "PHOTO": "https://www.messier-objects.com/wp-content/uploads/2015/04/Messier-29.jpg"
    },
    "M30": {
      "M": 30,
      "NGC": "NGC 7099",
      "TYPE": "Globular Cluster",
      "CONS": "Capricornus",
      "RA": "21h 40.4m",
      "DEC": "-23°11",
      "MAG": 7.2,
      "SIZE": 11,
      "DIST (ly)": "24,800",
      "VIEWING SEASON": "Autumn",
      "VIEWING DIFFICULTY": "Easy",
      "PHOTO": "https://www.messier-objects.com/wp-content/uploads/2015/04/Messier-30.jpg"
    },
    "M31": {
      "M": 31,
      "NGC": "NGC 224 Andromeda Galaxy",
      "TYPE": "Spiral Galaxy",
      "CONS": "Andromeda",
      "RA": "0h 42.7m",
      "DEC": "41°16",
      "MAG": 3.4,
      "SIZE": "178x63",
      "DIST (ly)": "2,900,000",
      "VIEWING SEASON": "Autumn",
      "VIEWING DIFFICULTY": "Easy",
      "PHOTO": "https://www.messier-objects.com/wp-content/uploads/2015/04/Messier-31.jpg"
    },
    "M32": {
      "M": 32,
      "NGC": "NGC 221 Satellite of M31",
      "TYPE": "Elliptical Galaxy",
      "CONS": "Andromeda",
      "RA": "0h 42.7m",
      "DEC": "40°52",
      "MAG": 8.1,
      "SIZE": "8x6",
      "DIST (ly)": "2,900,000",
      "VIEWING SEASON": "Autumn",
      "VIEWING DIFFICULTY": "Easy",
      "PHOTO": "https://www.messier-objects.com/wp-content/uploads/2015/04/Messier-32.jpg"
    },
    "M33": {
      "M": 33,
      "NGC": "NGC 598 Triangulum/Pinwheel Galaxy",
      "TYPE": "Spiral Galaxy",
      "CONS": "Triangulum",
      "RA": "1h 33.9m",
      "DEC": "30°39",
      "MAG": 5.7,
      "SIZE": "73x45",
      "DIST (ly)": "3,000,000",
      "VIEWING SEASON": "Autumn",
      "VIEWING DIFFICULTY": "Hard",
      "PHOTO": "https://www.messier-objects.com/wp-content/uploads/2015/04/Messier-33.jpg"
    },
    "M34": {
      "M": 34,
      "NGC": "NGC 1039",
      "TYPE": "Open Cluster",
      "CONS": "Perseus",
      "RA": "2h 42m",
      "DEC": "42°47",
      "MAG": 5.5,
      "SIZE": 35,
      "DIST (ly)": "1,400",
      "VIEWING SEASON": "Autumn",
      "VIEWING DIFFICULTY": "Easy",
      "PHOTO": "https://www.messier-objects.com/wp-content/uploads/2015/04/Messier-34.jpg"
    },
    "M35": {
      "M": 35,
      "NGC": "NGC 2168",
      "TYPE": "Open Cluster",
      "CONS": "Gemini",
      "RA": "6h 8.9m",
      "DEC": "24°20",
      "MAG": 5.3,
      "SIZE": 28,
      "DIST (ly)": "2,800",
      "VIEWING SEASON": "Winter",
      "VIEWING DIFFICULTY": "Very Easy",
      "PHOTO": "https://www.messier-objects.com/wp-content/uploads/2015/04/Messier-35.jpg"
    },
    "M36": {
      "M": 36,
      "NGC": "NGC 1960",
      "TYPE": "Open Cluster",
      "CONS": "Auriga",
      "RA": "5h 36.1m",
      "DEC": "34°8",
      "MAG": 6.3,
      "SIZE": 12,
      "DIST (ly)": "4,100",
      "VIEWING SEASON": "Winter",
      "VIEWING DIFFICULTY": "Easy",
      "PHOTO": "https://www.messier-objects.com/wp-content/uploads/2015/04/Messier-36.jpg"
    },
    "M37": {
      "M": 37,
      "NGC": "NGC 2099",
      "TYPE": "Open Cluster",
      "CONS": "Auriga",
      "RA": "5h 52.4m",
      "DEC": "32°33",
      "MAG": 6.2,
      "SIZE": 24,
      "DIST (ly)": "4,400",
      "VIEWING SEASON": "Winter",
      "VIEWING DIFFICULTY": "Easy",
      "PHOTO": "https://www.messier-objects.com/wp-content/uploads/2015/04/Messier-37.jpg"
    },
    "M38": {
      "M": 38,
      "NGC": "NGC 1912",
      "TYPE": "Open Cluster",
      "CONS": "Auriga",
      "RA": "5h 28.7m",
      "DEC": "35°50",
      "MAG": 7.4,
      "SIZE": 21,
      "DIST (ly)": "4,200",
      "VIEWING SEASON": "Winter",
      "VIEWING DIFFICULTY": "Easy",
      "PHOTO": "https://www.messier-objects.com/wp-content/uploads/2015/04/Messier-38.jpg"
    },
    "M39": {
      "M": 39,
      "NGC": "NGC 7092",
      "TYPE": "Open Cluster",
      "CONS": "Cygnus",
      "RA": "21h 32.2m",
      "DEC": "48°26",
      "MAG": 5.2,
      "SIZE": 32,
      "DIST (ly)": 825,
      "VIEWING SEASON": "Autumn",
      "VIEWING DIFFICULTY": "Easy",
      "PHOTO": "https://www.messier-objects.com/wp-content/uploads/2015/05/Messier-39.jpg"
    },
    "M40": {
      "M": 40,
      "NGC": "Winecke 4",
      "TYPE": "Double Star",
      "CONS": "Ursa Major",
      "RA": "12h 22.2m",
      "DEC": "58°5",
      "MAG": 9.3,
      "SIZE": 49,
      "DIST (ly)": 510,
      "VIEWING SEASON": "Spring",
      "VIEWING DIFFICULTY": "Easy",
      "PHOTO": "https://www.messier-objects.com/wp-content/uploads/2015/05/Messier-40.jpg"
    },
    "M41": {
      "M": 41,
      "NGC": "NGC 2287",
      "TYPE": "Open Cluster",
      "CONS": "Canis Major",
      "RA": "6h 47m",
      "DEC": "-20°44",
      "MAG": 4.6,
      "SIZE": 38,
      "DIST (ly)": "2,300",
      "VIEWING SEASON": "Winter",
      "VIEWING DIFFICULTY": "Easy",
      "PHOTO": "https://www.messier-objects.com/wp-content/uploads/2015/05/Messier-41.jpg"
    },
    "M42": {
      "M": 42,
      "NGC": "NGC 1976 Great Orion Nebula",
      "TYPE": "Diffuse Nebula",
      "CONS": "Orion",
      "RA": "5h 35.4m",
      "DEC": "-5°27",
      "MAG": 4,
      "SIZE": "85x60",
      "DIST (ly)": "1,600",
      "VIEWING SEASON": "Winter",
      "VIEWING DIFFICULTY": "Very Easy",
      "PHOTO": "https://www.messier-objects.com/wp-content/uploads/2015/05/Messier-42.jpg"
    },
    "M43": {
      "M": 43,
      "NGC": "NGC 1982 de Mairan¬πs Nebula",
      "TYPE": "Diffuse Nebula",
      "CONS": "Orion",
      "RA": "5h 35.6m",
      "DEC": "-5°16",
      "MAG": 9,
      "SIZE": "20x15",
      "DIST (ly)": "1,600",
      "VIEWING SEASON": "Winter",
      "VIEWING DIFFICULTY": "Easy",
      "PHOTO": "https://www.messier-objects.com/wp-content/uploads/2015/05/Messier-43.jpg"
    },
    "M44": {
      "M": 44,
      "NGC": "NGC 2632 Beehive Cluster (Praesepe)",
      "TYPE": "Open Cluster",
      "CONS": "Cancer",
      "RA": "8h 40.1m",
      "DEC": "19°59",
      "MAG": 3.7,
      "SIZE": 95,
      "DIST (ly)": 577,
      "VIEWING SEASON": "Winter",
      "VIEWING DIFFICULTY": "Easy",
      "PHOTO": "https://www.messier-objects.com/wp-content/uploads/2015/05/Messier-44.jpg"
    },
    "M45": {
      "M": 45,
      "NGC": "Pleiades, Subaru, Seven Sisters",
      "TYPE": "Open Cluster",
      "CONS": "Taurus",
      "RA": "3h 47m",
      "DEC": "24°7.2",
      "MAG": 1.6,
      "SIZE": 110,
      "DIST (ly)": 380,
      "VIEWING SEASON": "Winter",
      "VIEWING DIFFICULTY": "Very Easy",
      "PHOTO": "https://www.messier-objects.com/wp-content/uploads/2015/05/Messier-45.jpg"
    },
    "M46": {
      "M": 46,
      "NGC": "NGC 2437",
      "TYPE": "Open Cluster",
      "CONS": "Puppis",
      "RA": "7h 41.8m",
      "DEC": "-14°49",
      "MAG": 6,
      "SIZE": 27,
      "DIST (ly)": "5,400",
      "VIEWING SEASON": "Winter",
      "VIEWING DIFFICULTY": "Easy",
      "PHOTO": "https://www.messier-objects.com/wp-content/uploads/2015/05/Messier-46.jpg"
    },
    "M47": {
      "M": 47,
      "NGC": "NGC 2422",
      "TYPE": "Open Cluster",
      "CONS": "Puppis",
      "RA": "7h 36.6m",
      "DEC": "-14°30",
      "MAG": 5.2,
      "SIZE": 30,
      "DIST (ly)": "1,600",
      "VIEWING SEASON": "Winter",
      "VIEWING DIFFICULTY": "Easy",
      "PHOTO": "https://www.messier-objects.com/wp-content/uploads/2015/05/Messier-47.jpg"
    },
    "M48": {
      "M": 48,
      "NGC": "NGC 2548",
      "TYPE": "Open Cluster",
      "CONS": "Hydra",
      "RA": "8h 13.8m",
      "DEC": "-5°48",
      "MAG": 5.5,
      "SIZE": 54,
      "DIST (ly)": "1,500",
      "VIEWING SEASON": "Winter",
      "VIEWING DIFFICULTY": "Easy",
      "PHOTO": "https://www.messier-objects.com/wp-content/uploads/2015/05/Messier-48.jpg"
    },
    "M49": {
      "M": 49,
      "NGC": "NGC 4472",
      "TYPE": "Elliptical Galaxy",
      "CONS": "Virgo",
      "RA": "12h 29.8m",
      "DEC": "8°0",
      "MAG": 8.4,
      "SIZE": "9x7.5",
      "DIST (ly)": "60,000,000",
      "VIEWING SEASON": "Spring",
      "VIEWING DIFFICULTY": "Moderate",
      "PHOTO": "https://www.messier-objects.com/wp-content/uploads/2015/05/Messier-49.jpg"
    },
    "M50": {
      "M": 50,
      "NGC": "NGC 2323",
      "TYPE": "Open Cluster",
      "CONS": "Monocerus",
      "RA": "7h 3.2m",
      "DEC": "-8°20",
      "MAG": 6.3,
      "SIZE": 16,
      "DIST (ly)": "3,000",
      "VIEWING SEASON": "Winter",
      "VIEWING DIFFICULTY": "Easy",
      "PHOTO": "https://www.messier-objects.com/wp-content/uploads/2015/05/Messier-50.jpg"
    },
    "M51": {
      "M": 51,
      "NGC": "NGC 5194 Whirlpool Galaxy",
      "TYPE": "Spiral Galaxy",
      "CONS": "Canes Venatici",
      "RA": "13h 29.9m",
      "DEC": "47°12",
      "MAG": 8.4,
      "SIZE": "11x7",
      "DIST (ly)": "37,000,000",
      "VIEWING SEASON": "Spring",
      "VIEWING DIFFICULTY": "Moderate",
      "PHOTO": "https://www.messier-objects.com/wp-content/uploads/2015/06/Messier-51.jpg"
    },
    "M52": {
      "M": 52,
      "NGC": "NGC 7654",
      "TYPE": "Open Cluster",
      "CONS": "Cassiopeia",
      "RA": "23h 24.2m",
      "DEC": "61°35",
      "MAG": 7.3,
      "SIZE": 13,
      "DIST (ly)": "5,000",
      "VIEWING SEASON": "Autumn",
      "VIEWING DIFFICULTY": "Easy",
      "PHOTO": "https://www.messier-objects.com/wp-content/uploads/2015/06/Messier-52.jpg"
    },
    "M53": {
      "M": 53,
      "NGC": "NGC 5024",
      "TYPE": "Globular Cluster",
      "CONS": "Coma Berenices",
      "RA": "13h 12.9m",
      "DEC": "18°10",
      "MAG": 7.6,
      "SIZE": 12.6,
      "DIST (ly)": "56,400",
      "VIEWING SEASON": "Spring",
      "VIEWING DIFFICULTY": "Easy",
      "PHOTO": "https://www.messier-objects.com/wp-content/uploads/2015/06/Messier-53.jpg"
    },
    "M54": {
      "M": 54,
      "NGC": "NGC 6715",
      "TYPE": "Globular Cluster",
      "CONS": "Sagittarius",
      "RA": "18h 55.1m",
      "DEC": "-30°29",
      "MAG": 7.6,
      "SIZE": 9.1,
      "DIST (ly)": "82,800",
      "VIEWING SEASON": "Summer",
      "VIEWING DIFFICULTY": "Moderate",
      "PHOTO": "https://www.messier-objects.com/wp-content/uploads/2015/06/Messier-54.jpg"
    },
    "M55": {
      "M": 55,
      "NGC": "NGC 6809",
      "TYPE": "Globular Cluster",
      "CONS": "Sagittarius",
      "RA": "19h 40m",
      "DEC": "-30°58",
      "MAG": 6.3,
      "SIZE": 19,
      "DIST (ly)": "16,600",
      "VIEWING SEASON": "Summer",
      "VIEWING DIFFICULTY": "Hard",
      "PHOTO": "https://www.messier-objects.com/wp-content/uploads/2015/06/Messier-55.jpg"
    },
    "M56": {
      "M": 56,
      "NGC": "NGC 6779",
      "TYPE": "Globular Cluster",
      "CONS": "Lyra",
      "RA": "19h 16.6m",
      "DEC": "30°11",
      "MAG": 8.3,
      "SIZE": 7.1,
      "DIST (ly)": "31,600",
      "VIEWING SEASON": "Summer",
      "VIEWING DIFFICULTY": "Moderate",
      "PHOTO": "https://www.messier-objects.com/wp-content/uploads/2015/06/Messier-56.jpg"
    },
    "M57": {
      "M": 57,
      "NGC": "NGC 6720 Ring Nebula",
      "TYPE": "Planetary Nebula",
      "CONS": "Lyra",
      "RA": "18h 53.6m",
      "DEC": "33°2",
      "MAG": 8.8,
      "SIZE": "1.4x1",
      "DIST (ly)": "4,100",
      "VIEWING SEASON": "Summer",
      "VIEWING DIFFICULTY": "Easy",
      "PHOTO": "https://www.messier-objects.com/wp-content/uploads/2015/06/Messier-57.jpg"
    },
    "M58": {
      "M": 58,
      "NGC": "NGC 4579",
      "TYPE": "Spiral Galaxy",
      "CONS": "Virgo",
      "RA": "12h 37.7m",
      "DEC": "11°49",
      "MAG": 9.7,
      "SIZE": "5.5x4.5",
      "DIST (ly)": "60,000,000",
      "VIEWING SEASON": "Spring",
      "VIEWING DIFFICULTY": "Moderate",
      "PHOTO": "https://www.messier-objects.com/wp-content/uploads/2015/06/Messier-58.jpg"
    },
    "M59": {
      "M": 59,
      "NGC": "NGC 4621",
      "TYPE": "Elliptical Galaxy",
      "CONS": "Virgo",
      "RA": "12h 42m",
      "DEC": "11°39",
      "MAG": 9.6,
      "SIZE": "5x3.5",
      "DIST (ly)": "60,000,000",
      "VIEWING SEASON": "Spring",
      "VIEWING DIFFICULTY": "Hard",
      "PHOTO": "https://www.messier-objects.com/wp-content/uploads/2015/06/Messier-59.jpg"
    },
    "M60": {
      "M": 60,
      "NGC": "NGC 4649",
      "TYPE": "Elliptical Galaxy",
      "CONS": "Virgo",
      "RA": "12h 43.7m",
      "DEC": "11°33",
      "MAG": 8.8,
      "SIZE": "7x6",
      "DIST (ly)": "60,000,000",
      "VIEWING SEASON": "Spring",
      "VIEWING DIFFICULTY": "Moderate",
      "PHOTO": "https://www.messier-objects.com/wp-content/uploads/2015/06/Messier-60.jpg"
    },
    "M61": {
      "M": 61,
      "NGC": "NGC 4303",
      "TYPE": "Spiral Galaxy",
      "CONS": "Virgo",
      "RA": "12h 21.9m",
      "DEC": "4°28",
      "MAG": 9.7,
      "SIZE": "6x5.5",
      "DIST (ly)": "60,000,000",
      "VIEWING SEASON": "Spring",
      "VIEWING DIFFICULTY": "Hard",
      "PHOTO": "https://www.messier-objects.com/wp-content/uploads/2015/07/Messier-61.jpg"
    },
    "M62": {
      "M": 62,
      "NGC": "NGC 6266",
      "TYPE": "Globular Cluster",
      "CONS": "Ophiucus",
      "RA": "17h 1.2m",
      "DEC": "-30°7",
      "MAG": 6.5,
      "SIZE": 14.1,
      "DIST (ly)": "21,500",
      "VIEWING SEASON": "Summer",
      "VIEWING DIFFICULTY": "Moderate",
      "PHOTO": "https://www.messier-objects.com/wp-content/uploads/2015/07/Messier-62.jpg"
    },
    "M63": {
      "M": 63,
      "NGC": "NGC 5055 Sunflower Galaxy",
      "TYPE": "Spiral Galaxy",
      "CONS": "Canes Venatici",
      "RA": "13h 15.8m",
      "DEC": "42°2",
      "MAG": 8.6,
      "SIZE": "10x6",
      "DIST (ly)": "37,000,000",
      "VIEWING SEASON": "Spring",
      "VIEWING DIFFICULTY": "Moderate",
      "PHOTO": "https://www.messier-objects.com/wp-content/uploads/2015/07/Messier-63.jpg"
    },
    "M64": {
      "M": 64,
      "NGC": "NGC 4826 Blackeye Galaxy",
      "TYPE": "Spiral Galaxy",
      "CONS": "Coma Berenices",
      "RA": "12h 56.7m",
      "DEC": "21°41",
      "MAG": 8.5,
      "SIZE": "9.3x5.4",
      "DIST (ly)": "19,000,000",
      "VIEWING SEASON": "Spring",
      "VIEWING DIFFICULTY": "Moderate",
      "PHOTO": "https://www.messier-objects.com/wp-content/uploads/2015/07/Messier-64.jpg"
    },
    "M65": {
      "M": 65,
      "NGC": "NGC 3623",
      "TYPE": "Spiral Galaxy",
      "CONS": "Leo",
      "RA": "11h 18.9m",
      "DEC": "13°5",
      "MAG": 9.3,
      "SIZE": "8x1.5",
      "DIST (ly)": "35,000,000",
      "VIEWING SEASON": "Spring",
      "VIEWING DIFFICULTY": "Moderate",
      "PHOTO": "https://www.messier-objects.com/wp-content/uploads/2015/07/Messier-65.jpg"
    },
    "M66": {
      "M": 66,
      "NGC": "NGC 3627",
      "TYPE": "Spiral Galaxy",
      "CONS": "Leo",
      "RA": "11h 20.2m",
      "DEC": "12°59",
      "MAG": 8.9,
      "SIZE": "8x2.5",
      "DIST (ly)": "35,000,000",
      "VIEWING SEASON": "Spring",
      "VIEWING DIFFICULTY": "Easy",
      "PHOTO": "https://www.messier-objects.com/wp-content/uploads/2015/07/Messier-66.jpg"
    },
    "M67": {
      "M": 67,
      "NGC": "NGC 2682",
      "TYPE": "Open Cluster",
      "CONS": "Cancer",
      "RA": "8h 50.4m",
      "DEC": "11°49",
      "MAG": 6.1,
      "SIZE": 30,
      "DIST (ly)": "2,700",
      "VIEWING SEASON": "Winter",
      "VIEWING DIFFICULTY": "Easy",
      "PHOTO": "https://www.messier-objects.com/wp-content/uploads/2015/07/Messier-67.jpg"
    },
    "M68": {
      "M": 68,
      "NGC": "NGC 4590",
      "TYPE": "Globular Cluster",
      "CONS": "Hydra",
      "RA": "12h 39.5m",
      "DEC": "-26°45",
      "MAG": 7.8,
      "SIZE": 12,
      "DIST (ly)": "33,300",
      "VIEWING SEASON": "Spring",
      "VIEWING DIFFICULTY": "Very Hard",
      "PHOTO": "https://www.messier-objects.com/wp-content/uploads/2015/07/Messier-68.jpg"
    },
    "M69": {
      "M": 69,
      "NGC": "NGC 6637",
      "TYPE": "Globular Cluster",
      "CONS": "Sagittarius",
      "RA": "18h 31.4m",
      "DEC": "-32°21",
      "MAG": 7.6,
      "SIZE": 7.1,
      "DIST (ly)": "26,700",
      "VIEWING SEASON": "Summer",
      "VIEWING DIFFICULTY": "Moderate",
      "PHOTO": "https://www.messier-objects.com/wp-content/uploads/2015/07/Messier-69.jpg"
    },
    "M70": {
      "M": 70,
      "NGC": "NGC 6681",
      "TYPE": "Globular Cluster",
      "CONS": "Sagittarius",
      "RA": "18h 43.2m",
      "DEC": "-32°18",
      "MAG": 7.9,
      "SIZE": 7.8,
      "DIST (ly)": "28,000",
      "VIEWING SEASON": "Summer",
      "VIEWING DIFFICULTY": "Moderate",
      "PHOTO": "https://www.messier-objects.com/wp-content/uploads/2015/07/Messier-70.jpg"
    },
    "M71": {
      "M": 71,
      "NGC": "NGC 6838",
      "TYPE": "Globular Cluster",
      "CONS": "Sagitta",
      "RA": "19h 53.8m",
      "DEC": "18°47",
      "MAG": 8.3,
      "SIZE": 7.2,
      "DIST (ly)": "11,700",
      "VIEWING SEASON": "Summer",
      "VIEWING DIFFICULTY": "Moderate",
      "PHOTO": "https://www.messier-objects.com/wp-content/uploads/2015/07/Messier-71.jpg"
    },
    "M72": {
      "M": 72,
      "NGC": "NGC 6981",
      "TYPE": "Globular Cluster",
      "CONS": "Aquarius",
      "RA": "20h 53.5m",
      "DEC": "-12°32",
      "MAG": 9.3,
      "SIZE": 5.9,
      "DIST (ly)": "52,800",
      "VIEWING SEASON": "Summer",
      "VIEWING DIFFICULTY": "Moderate",
      "PHOTO": "https://www.messier-objects.com/wp-content/uploads/2015/07/Messier-72.jpg"
    },
    "M73": {
      "M": 73,
      "NGC": "NGC 6994 Group of 4 stars",
      "TYPE": "Group/Asterism",
      "CONS": "Aquarius",
      "RA": "20h 59m",
      "DEC": "-12°38",
      "MAG": 9,
      "SIZE": 2.8,
      "DIST (ly)": "2,000",
      "VIEWING SEASON": "Summer",
      "VIEWING DIFFICULTY": "Hard",
      "PHOTO": "https://www.messier-objects.com/wp-content/uploads/2015/07/Messier-73.jpg"
    },
    "M74": {
      "M": 74,
      "NGC": "NGC 628",
      "TYPE": "Spiral Galaxy",
      "CONS": "Pisces",
      "RA": "1h 36.7m",
      "DEC": "15°47",
      "MAG": 9.4,
      "SIZE": "10.2x9.5",
      "DIST (ly)": "35,000,000",
      "VIEWING SEASON": "Autumn",
      "VIEWING DIFFICULTY": "Very Hard",
      "PHOTO": "https://www.messier-objects.com/wp-content/uploads/2015/07/Messier-74.jpg"
    },
    "M75": {
      "M": 75,
      "NGC": "NGC 6864",
      "TYPE": "Globular Cluster",
      "CONS": "Sagittarius",
      "RA": "20h 6.1m",
      "DEC": "-21°55",
      "MAG": 8.5,
      "SIZE": 6,
      "DIST (ly)": "57,700",
      "VIEWING SEASON": "Summer",
      "VIEWING DIFFICULTY": "Moderate",
      "PHOTO": "https://www.messier-objects.com/wp-content/uploads/2015/07/Messier-75.png"
    },
    "M76": {
      "M": 76,
      "NGC": "NGC 650 Little Dumbell, Cork, Butterfly Nebula",
      "TYPE": "Planetary Nebula",
      "CONS": "Perseus",
      "RA": "1h 42.3m",
      "DEC": "51°34",
      "MAG": 10.1,
      "SIZE": "2.7x1.8",
      "DIST (ly)": "3,400",
      "VIEWING SEASON": "Autumn",
      "VIEWING DIFFICULTY": "Moderate",
      "PHOTO": "https://www.messier-objects.com/wp-content/uploads/2015/07/Messier-76.jpg"
    },
    "M77": {
      "M": 77,
      "NGC": "NGC 1068 Cetus A",
      "TYPE": "Spiral Galaxy",
      "CONS": "Cetus",
      "RA": "2h 42.7m",
      "DEC": "0°1",
      "MAG": 8.9,
      "SIZE": "7x6",
      "DIST (ly)": "60,000,000",
      "VIEWING SEASON": "Autumn",
      "VIEWING DIFFICULTY": "Moderate",
      "PHOTO": "https://www.messier-objects.com/wp-content/uploads/2015/07/Messier-77.jpg"
    },
    "M78": {
      "M": 78,
      "NGC": "NGC 2068",
      "TYPE": "Diffuse Nebula",
      "CONS": "Orion",
      "RA": "5h 46.7m",
      "DEC": "0°3",
      "MAG": 8.3,
      "SIZE": "8x6",
      "DIST (ly)": "1,600",
      "VIEWING SEASON": "Winter",
      "VIEWING DIFFICULTY": "Moderate",
      "PHOTO": "https://www.messier-objects.com/wp-content/uploads/2015/08/Messier-78.jpg"
    },
    "M79": {
      "M": 79,
      "NGC": "NGC 1904",
      "TYPE": "Globular Cluster",
      "CONS": "Lepus",
      "RA": "5h 24.5m",
      "DEC": "-24°33",
      "MAG": 7.7,
      "SIZE": 8.7,
      "DIST (ly)": "41,100",
      "VIEWING SEASON": "Winter",
      "VIEWING DIFFICULTY": "Moderate",
      "PHOTO": "https://www.messier-objects.com/wp-content/uploads/2015/08/Messier-79.png"
    },
    "M80": {
      "M": 80,
      "NGC": "NGC 6093",
      "TYPE": "Globular Cluster",
      "CONS": "Scorpius",
      "RA": "16h 17m",
      "DEC": "-22°59",
      "MAG": 7.3,
      "SIZE": 8.9,
      "DIST (ly)": "27,400",
      "VIEWING SEASON": "Summer",
      "VIEWING DIFFICULTY": "Easy",
      "PHOTO": "https://www.messier-objects.com/wp-content/uploads/2015/08/Messier-80.jpg"
    },
    "M81": {
      "M": 81,
      "NGC": "NGC 3031 Bode¬πs Galaxy",
      "TYPE": "Spiral Galaxy",
      "CONS": "Ursa Major",
      "RA": "9h 55.6m",
      "DEC": "69°4",
      "MAG": 6.9,
      "SIZE": "21x10",
      "DIST (ly)": "12,000,000",
      "VIEWING SEASON": "Spring",
      "VIEWING DIFFICULTY": "Easy",
      "PHOTO": "https://www.messier-objects.com/wp-content/uploads/2015/08/Messier-81.jpg"
    },
    "M82": {
      "M": 82,
      "NGC": "NGC 3034 Cigar Galaxy",
      "TYPE": "Irregular Galaxy",
      "CONS": "Ursa Major",
      "RA": "9h 55.8m",
      "DEC": "69°41",
      "MAG": 8.4,
      "SIZE": "9.x4",
      "DIST (ly)": "12,000,000",
      "VIEWING SEASON": "Spring",
      "VIEWING DIFFICULTY": "Easy",
      "PHOTO": "https://www.messier-objects.com/wp-content/uploads/2015/08/Messier-82.jpg"
    },
    "M83": {
      "M": 83,
      "NGC": "NGC 5236 Southern Pinwheel Galaxy",
      "TYPE": "Spiral Galaxy",
      "CONS": "Hydra",
      "RA": "13h 37m",
      "DEC": "-29°52",
      "MAG": 7.6,
      "SIZE": "11x10",
      "DIST (ly)": "15,000,000",
      "VIEWING SEASON": "Spring",
      "VIEWING DIFFICULTY": "Hard",
      "PHOTO": "https://www.messier-objects.com/wp-content/uploads/2015/08/Messier-83.jpg"
    },
    "M84": {
      "M": 84,
      "NGC": "NGC 4374",
      "TYPE": "Lenticular (S0) Galaxy",
      "CONS": "Virgo",
      "RA": "12h 25.1m",
      "DEC": "12°53",
      "MAG": 9.1,
      "SIZE": 5,
      "DIST (ly)": "60,000,000",
      "VIEWING SEASON": "Spring",
      "VIEWING DIFFICULTY": "Moderate",
      "PHOTO": "https://www.messier-objects.com/wp-content/uploads/2015/08/Messier-84.jpg"
    },
    "M85": {
      "M": 85,
      "NGC": "NGC 4382",
      "TYPE": "Lenticular (S0) Galaxy",
      "CONS": "Coma Berenices",
      "RA": "12h 25.4m",
      "DEC": "18°11",
      "MAG": 9.1,
      "SIZE": "7.1x5.2",
      "DIST (ly)": "60,000,000",
      "VIEWING SEASON": "Spring",
      "VIEWING DIFFICULTY": "Moderate",
      "PHOTO": "https://www.messier-objects.com/wp-content/uploads/2015/08/Messier-85.jpg"
    },
    "M86": {
      "M": 86,
      "NGC": "NGC 4406",
      "TYPE": "Lenticular (S0) Galaxy",
      "CONS": "Virgo",
      "RA": "12h 26.2m",
      "DEC": "12°57",
      "MAG": 8.9,
      "SIZE": "7.5x5.5",
      "DIST (ly)": "60,000,000",
      "VIEWING SEASON": "Spring",
      "VIEWING DIFFICULTY": "Moderate",
      "PHOTO": "https://www.messier-objects.com/wp-content/uploads/2015/08/Messier-86.jpg"
    },
    "M87": {
      "M": 87,
      "NGC": "NGC 4486 Virgo A",
      "TYPE": "Elliptical Galaxy",
      "CONS": "Virgo",
      "RA": "12h 30.8m",
      "DEC": "12°24",
      "MAG": 8.6,
      "SIZE": 7,
      "DIST (ly)": "60,000,000",
      "VIEWING SEASON": "Spring",
      "VIEWING DIFFICULTY": "Moderate",
      "PHOTO": "https://www.messier-objects.com/wp-content/uploads/2015/08/Messier-87.jpg"
    },
    "M88": {
      "M": 88,
      "NGC": "NGC 4501",
      "TYPE": "Spiral Galaxy",
      "CONS": "Coma Berenices",
      "RA": "12h 32m",
      "DEC": "14°25",
      "MAG": 9.6,
      "SIZE": "7x4",
      "DIST (ly)": "60,000,000",
      "VIEWING SEASON": "Spring",
      "VIEWING DIFFICULTY": "Moderate",
      "PHOTO": "https://www.messier-objects.com/wp-content/uploads/2015/08/Messier-88.jpg"
    },
    "M89": {
      "M": 89,
      "NGC": "NGC 4552",
      "TYPE": "Elliptical Galaxy",
      "CONS": "Virgo",
      "RA": "12h 35.7m",
      "DEC": "12°33",
      "MAG": 9.8,
      "SIZE": 4,
      "DIST (ly)": "60,000,000",
      "VIEWING SEASON": "Spring",
      "VIEWING DIFFICULTY": "Moderate",
      "PHOTO": "https://www.messier-objects.com/wp-content/uploads/2015/08/Messier-89.jpg"
    },
    "M90": {
      "M": 90,
      "NGC": "NGC 4569",
      "TYPE": "Spiral Galaxy",
      "CONS": "Virgo",
      "RA": "12h 36.8m",
      "DEC": "13°10",
      "MAG": 9.5,
      "SIZE": "9.5x4.5",
      "DIST (ly)": "60,000,000",
      "VIEWING SEASON": "Spring",
      "VIEWING DIFFICULTY": "Hard",
      "PHOTO": "https://www.messier-objects.com/wp-content/uploads/2015/08/Messier-90.jpg"
    },
    "M91": {
      "M": 91,
      "NGC": "NGC 4548",
      "TYPE": "Spiral Galaxy",
      "CONS": "Coma Berenices",
      "RA": "12h 35.4m",
      "DEC": "14°30",
      "MAG": 10.2,
      "SIZE": "5.4x4.4",
      "DIST (ly)": "60,000,000",
      "VIEWING SEASON": "Spring",
      "VIEWING DIFFICULTY": "Very Hard",
      "PHOTO": "https://www.messier-objects.com/wp-content/uploads/2015/08/Messier-91.jpg"
    },
    "M92": {
      "M": 92,
      "NGC": "NGC 6341",
      "TYPE": "Globular Cluster",
      "CONS": "Hercules",
      "RA": "17h 17.1m",
      "DEC": "43°8",
      "MAG": 6.4,
      "SIZE": 11.2,
      "DIST (ly)": "26,400",
      "VIEWING SEASON": "summer",
      "VIEWING DIFFICULTY": "Easy",
      "PHOTO": "https://www.messier-objects.com/wp-content/uploads/2015/08/Messier-92.jpg"
    },
    "M93": {
      "M": 93,
      "NGC": "NGC 2447",
      "TYPE": "Open Cluster",
      "CONS": "Puppis",
      "RA": "7h 44.6m",
      "DEC": "-23°52",
      "MAG": 6,
      "SIZE": 22,
      "DIST (ly)": "3,600",
      "VIEWING SEASON": "winter",
      "VIEWING DIFFICULTY": "Easy",
      "PHOTO": "https://www.messier-objects.com/wp-content/uploads/2015/08/Messier-93.jpg"
    },
    "M94": {
      "M": 94,
      "NGC": "NGC 4736",
      "TYPE": "Spiral Galaxy",
      "CONS": "Canes Venatici",
      "RA": "12h 50.9m",
      "DEC": "41°7",
      "MAG": 8.2,
      "SIZE": "7x3",
      "DIST (ly)": "14,500,000",
      "VIEWING SEASON": "Spring",
      "VIEWING DIFFICULTY": "Moderate",
      "PHOTO": "https://www.messier-objects.com/wp-content/uploads/2015/08/Messier-94.jpg"
    },
    "M95": {
      "M": 95,
      "NGC": "NGC 3351",
      "TYPE": "Spiral Galaxy",
      "CONS": "Leo",
      "RA": "10h 44m",
      "DEC": "11°42",
      "MAG": 9.7,
      "SIZE": "4.4x3.3",
      "DIST (ly)": "38,000,000",
      "VIEWING SEASON": "Spring",
      "VIEWING DIFFICULTY": "Hard",
      "PHOTO": "https://www.messier-objects.com/wp-content/uploads/2015/08/Messier-95.jpg"
    },
    "M96": {
      "M": 96,
      "NGC": "NGC 3368",
      "TYPE": "Spiral Galaxy",
      "CONS": "Leo",
      "RA": "10h 46.8m",
      "DEC": "11°49",
      "MAG": 9.2,
      "SIZE": "6x4",
      "DIST (ly)": "38,000,000",
      "VIEWING SEASON": "Spring",
      "VIEWING DIFFICULTY": "Moderate",
      "PHOTO": "https://www.messier-objects.com/wp-content/uploads/2015/08/Messier-96.jpg"
    },
    "M97": {
      "M": 97,
      "NGC": "NGC 3587 Owl Nebula",
      "TYPE": "Planetary Nebula",
      "CONS": "Ursa Major",
      "RA": "11h 14.8m",
      "DEC": "55°1",
      "MAG": 9.9,
      "SIZE": "3.4x3.3",
      "DIST (ly)": "2,600",
      "VIEWING SEASON": "Spring",
      "VIEWING DIFFICULTY": "Very Hard",
      "PHOTO": "https://www.messier-objects.com/wp-content/uploads/2015/08/Messier-97.jpg"
    },
    "M98": {
      "M": 98,
      "NGC": "NGC 4192",
      "TYPE": "Spiral Galaxy",
      "CONS": "Coma Berenices",
      "RA": "12h 13.8m",
      "DEC": "14°54",
      "MAG": 10.1,
      "SIZE": "9.5x3.2",
      "DIST (ly)": "60,000,000",
      "VIEWING SEASON": "Spring",
      "VIEWING DIFFICULTY": "Very Hard",
      "PHOTO": "https://www.messier-objects.com/wp-content/uploads/2015/08/Messier-98.jpg"
    },
    "M99": {
      "M": 99,
      "NGC": "NGC 4254",
      "TYPE": "Spiral Galaxy",
      "CONS": "Coma Berenices",
      "RA": "12h 18.8m",
      "DEC": "14°25",
      "MAG": 9.9,
      "SIZE": "5.4x4.8",
      "DIST (ly)": "60,000,000",
      "VIEWING SEASON": "Spring",
      "VIEWING DIFFICULTY": "Hard",
      "PHOTO": "https://www.messier-objects.com/wp-content/uploads/2015/08/Messier-99.jpg"
    },
    "M100": {
      "M": 100,
      "NGC": "NGC 4321",
      "TYPE": "Spiral Galaxy",
      "CONS": "Coma Berenices",
      "RA": "12h 22.9m",
      "DEC": "15°49",
      "MAG": 9.3,
      "SIZE": "7x6",
      "DIST (ly)": "60,000,000",
      "VIEWING SEASON": "Spring",
      "VIEWING DIFFICULTY": "Very Hard",
      "PHOTO": "https://www.messier-objects.com/wp-content/uploads/2015/08/Messier-100.jpg"
    },
    "M101": {
      "M": 101,
      "NGC": "NGC 5457 Pinwheel Galaxy",
      "TYPE": "Spiral Galaxy",
      "CONS": "Ursa Major",
      "RA": "14h 3.2m",
      "DEC": "54°21",
      "MAG": 7.9,
      "SIZE": 22,
      "DIST (ly)": "27,000,000",
      "VIEWING SEASON": "Spring",
      "VIEWING DIFFICULTY": "Very Hard",
      "PHOTO": "https://www.messier-objects.com/wp-content/uploads/2015/08/Messier-101.jpg"
    },
    "M102": {
      "M": 102,
      "NGC": "NGC 5866 Spindle Galaxy",
      "TYPE": "Lenticular (S0) Galaxy",
      "CONS": "Draco",
      "RA": "15h 6.5m",
      "DEC": "55°46",
      "MAG": 9.9,
      "SIZE": "5.2x2.3",
      "DIST (ly)": "40,000,000",
      "VIEWING SEASON": "Summer",
      "VIEWING DIFFICULTY": "Hard",
      "PHOTO": "https://www.messier-objects.com/wp-content/uploads/2015/09/Messier-102.jpg"
    },
    "M103": {
      "M": 103,
      "NGC": "NGC 581",
      "TYPE": "Open Cluster",
      "CONS": "Cassiopeia",
      "RA": "1h 33.2m",
      "DEC": "60°42",
      "MAG": 7.4,
      "SIZE": 6,
      "DIST (ly)": "8,000",
      "VIEWING SEASON": "Autumn",
      "VIEWING DIFFICULTY": "Easy",
      "PHOTO": "https://www.messier-objects.com/wp-content/uploads/2015/09/Messier-103.jpg"
    },
    "M104": {
      "M": 104,
      "NGC": "NGC 4594 Sombrero Galaxy",
      "TYPE": "Spiral Galaxy",
      "CONS": "Virgo",
      "RA": "12h 40m",
      "DEC": "-11°37",
      "MAG": 8,
      "SIZE": "9x4",
      "DIST (ly)": "50,000,000",
      "VIEWING SEASON": "Spring",
      "VIEWING DIFFICULTY": "Easy",
      "PHOTO": "https://www.messier-objects.com/wp-content/uploads/2015/09/Messier-104.jpg"
    },
    "M105": {
      "M": 105,
      "NGC": "NGC 3379",
      "TYPE": "Elliptical Galaxy",
      "CONS": "Leo",
      "RA": "10h 47.8m",
      "DEC": "12°35",
      "MAG": 9.3,
      "SIZE": 2,
      "DIST (ly)": "38,000,000",
      "VIEWING SEASON": "Spring",
      "VIEWING DIFFICULTY": "Moderate",
      "PHOTO": "https://www.messier-objects.com/wp-content/uploads/2015/09/Messier-105.jpg"
    },
    "M106": {
      "M": 106,
      "NGC": "NGC 4258",
      "TYPE": "Spiral Galaxy",
      "CONS": "Canes Venatici",
      "RA": "12h 19m",
      "DEC": "47°18",
      "MAG": 8.4,
      "SIZE": "19x8",
      "DIST (ly)": "25,000,000",
      "VIEWING SEASON": "Spring",
      "VIEWING DIFFICULTY": "Hard",
      "PHOTO": "https://www.messier-objects.com/wp-content/uploads/2015/09/Messier-106.jpg"
    },
    "M107": {
      "M": 107,
      "NGC": "NGC 6171",
      "TYPE": "Globular Cluster",
      "CONS": "Ophiucus",
      "RA": "16h 32.5m",
      "DEC": "-13°3",
      "MAG": 7.9,
      "SIZE": 10,
      "DIST (ly)": "19,600",
      "VIEWING SEASON": "Summer",
      "VIEWING DIFFICULTY": "Hard",
      "PHOTO": "https://www.messier-objects.com/wp-content/uploads/2015/09/Messier-107.jpg"
    },
    "M108": {
      "M": 108,
      "NGC": "NGC 3556",
      "TYPE": "Spiral Galaxy",
      "CONS": "Ursa Major",
      "RA": "11h 11.5m",
      "DEC": "55°40",
      "MAG": 10,
      "SIZE": "8x1",
      "DIST (ly)": "45,000,000",
      "VIEWING SEASON": "Spring",
      "VIEWING DIFFICULTY": "Hard",
      "PHOTO": "https://www.messier-objects.com/wp-content/uploads/2015/09/Messier-108.jpg"
    },
    "M109": {
      "M": 109,
      "NGC": "NGC 3992",
      "TYPE": "Spiral Galaxy",
      "CONS": "Ursa Major",
      "RA": "11h 57.6m",
      "DEC": "53°23",
      "MAG": 9.8,
      "SIZE": "7x4",
      "DIST (ly)": "55,000,000",
      "VIEWING SEASON": "Spring",
      "VIEWING DIFFICULTY": "Hard",
      "PHOTO": "https://www.messier-objects.com/wp-content/uploads/2015/09/Messier-109.jpg"
    },
    "M110": {
      "M": 110,
      "NGC": "NGC 205 Satellite of M31",
      "TYPE": "Elliptical Galaxy",
      "CONS": "Andromeda",
      "RA": "0h 40.4m",
      "DEC": "41°41",
      "MAG": 8.5,
      "SIZE": "17x10",
      "DIST (ly)": "2,900,000",
      "VIEWING SEASON": "Autumn",
      "VIEWING DIFFICULTY": "Hard",
      "PHOTO": "https://www.messier-objects.com/wp-content/uploads/2015/09/Messier-110.jpg"
    }
  }